epoch,train_loss,val_loss,val_dice,val_iou,val_precision,val_recall,val_global_dice,val_global_iou,lr,epoch_time_s
1,1.5693924301549007,1.5415103435516357,0.5,0.5,0.5,0.5,0.0,0.0,0.0003,31.11492085456848
2,1.4958882394589876,1.4493234952290852,0.06015281211985424,0.05519341489252536,0.06368471883456446,0.05843767430999819,0.01738141650422352,0.00876689881196231,0.0003,31.98741841316223
3,1.4402890958284076,1.4101659059524536,0.10807511005313115,0.10413355020683124,0.1095143156466857,0.10735928826939349,0.016687446053514913,0.008413926499032881,0.0003,31.133118152618408
4,1.4089499962957281,1.3890081246693928,0.3002183406113537,0.300109409190372,0.3333333333333333,0.3001095290251917,0.00036075036075036075,0.00018040772145047808,0.0003,31.016538619995117
5,1.380629169313531,1.3507083654403687,0.45176781502393987,0.4508911503825227,0.5120804784577866,0.451171162548264,0.0047405400829594515,0.0023759015697921086,0.0003,31.922486066818237
6,1.3674164320293225,1.3479012648264568,0.11518140699364088,0.10813224627860493,0.20055982007917725,0.10915725791213651,0.032558702493343014,0.016548754229467857,0.0003,31.634984016418457
7,1.3465182404769094,1.3314099311828613,0.26963292514020865,0.2607922756289948,0.3436658818212269,0.2626605314122727,0.05274829716458102,0.027088587000732123,0.0003,31.87151789665222
8,1.3337757587432861,1.3116369644800823,0.47754594465350725,0.4658878833113831,0.5938514209335899,0.46720531973032015,0.0806574599678048,0.04202348371148583,0.0003,31.60018515586853
9,1.3194536660846912,1.3071542978286743,0.3213143815040371,0.2932353231360688,0.4606899833332091,0.30182842034803337,0.18117070999332294,0.09960841899167891,0.0003,31.072418212890625
10,1.3053046841370433,1.2907405694325764,0.2849717707043347,0.25215818678666657,0.43964804787755735,0.2621420054821689,0.2036158861885003,0.11334763240389374,0.0003,31.032838106155396
11,1.2927544493424266,1.270737926165263,0.21338454957989117,0.18797406472986866,0.3551882925348491,0.19484280225304346,0.14682226778110707,0.07922729980427198,0.0003,30.90995454788208
12,1.283456940399973,1.2719499270121257,0.2617402449748317,0.2042108708061737,0.34145879516748806,0.24461914787557895,0.357604330364938,0.21773336168403146,0.0003,30.62684416770935
