experiment,method,preprocessing,augmentation,loss,morphology,threshold,iou,dice,precision,recall,f1,pos_iou,pos_dice,global_iou,global_dice,inference_ms,n_test_images
E1_raw_canny,classical/canny,raw,n/a,n/a,[],n/a,0.04476972430160283,0.0794632723450658,0.08177839820319963,0.12134190781187734,0.0794632723450658,0.08734485427469571,0.15503128624184406,0.031891721360179766,0.061812146953058124,0.5609689698264707,199
E2_clahe_canny,classical/canny,contrast,n/a,n/a,[],n/a,0.009115406188094225,0.017603846910345507,0.009929155648015687,0.16229439927279032,0.017603846910345507,0.017783978739517165,0.034344760148615254,0.009663722103045898,0.019142456822984915,2.0529702210822407,199
E3_illum_canny,classical/canny,illumination,n/a,n/a,[],n/a,0.045336983458445626,0.0803450229159732,0.08388749834670008,0.12078104678284715,0.0803450229159732,0.08845156576696747,0.1567515643164575,0.03181916198487761,0.06167585010471816,30.826535618172016,199
E4_clahe_adaptive,classical/adaptive,contrast,n/a,n/a,[],n/a,0.016504300055793553,0.03161853854068458,0.016824707619751345,0.35914247302237734,0.03161853854068458,0.03219956579512664,0.061687148721531686,0.01735084607842022,0.03410985727353053,1.9029099095595068,199
E5_clahe_canny_morph,classical/canny,contrast,n/a,n/a,"[['close', 5]]",n/a,0.010891392821799703,0.020546415423518333,0.011029400916417183,0.44291224304378357,0.020546415423518333,0.02124889383860922,0.040085653620393624,0.010481566990311733,0.020745686675969276,2.0251333970091268,199
E6_combined_adaptive_morph_cc,classical/adaptive,combined,n/a,n/a,"[['open', 3], ['close', 5]]+cc>=80",n/a,0.03913456220612115,0.07004644640719354,0.040925927964473544,0.38625325493446205,0.07004644640719354,0.07635076351978538,0.13665924348070113,0.03190571128703576,0.06183842368163973,44.47567128137514,199
E7_raw_otsu,classical/otsu,raw,n/a,n/a,[],n/a,0.016200185361863968,0.030890130544290677,0.01636479199483591,0.4332271250727001,0.030890130544290677,0.031606243990303234,0.06026603900307691,0.018933106307191385,0.037162608987764835,0.2861213267063628,199
E8_raw_sobel,classical/sobel,raw,n/a,n/a,[],n/a,0.04141459773186657,0.07496924783848845,0.05173806587110045,0.16681541867191912,0.07496924783848845,0.08079906812393575,0.1462635325476392,0.04643226222937708,0.08874394245157394,2.5224885980171723,199
E9_raw_laplacian,classical/laplacian,raw,n/a,n/a,[],n/a,0.03149143453477453,0.05852749073254921,0.042157999789209415,0.11866229128575703,0.05852749073254921,0.06143917129823658,0.11418598682134604,0.03665222707230309,0.07071267704853292,2.1757213567093574,199
E10_raw_blackhat_otsu,classical/blackhat_otsu,raw,n/a,n/a,[],n/a,0.02145001543123811,0.0388966842257596,0.02335860778705327,0.40405980396290303,0.038896684225759606,0.041848559517807686,0.07588666824437412,0.021327263534743388,0.04176381909346314,1.0712513969667097,199
E11_clahe_blackhat_morph_cc,classical/blackhat_otsu,contrast,n/a,n/a,"[['close', 5]]+cc>=80",n/a,0.011715467141425967,0.02260350998350176,0.011733103862742353,0.4922897171851573,0.02260350998350176,0.022856646677880073,0.04409900477173383,0.013104391902346645,0.025869776119990962,3.1844830251000205,199
E12_combined_blackhat_morph_cc,classical/blackhat_otsu,combined,n/a,n/a,"[['close', 5]]+cc>=80",n/a,0.019905994835153804,0.03602354842416821,0.020545717024251578,0.4706319060755015,0.03602354842416821,0.03883620560976086,0.07028123663146542,0.018032061855802646,0.03542533193489296,44.78422640700708,199
E13_raw_blackhat_fixed_morph_cc,classical/blackhat_fixed,raw,n/a,n/a,"[['close', 5]]+cc>=80",n/a,0.11016497824362005,0.1604834993139962,0.18915995656776166,0.2774521508332628,0.1604834993139962,0.17571402618118026,0.2738844741518161,0.03790261094061751,0.07303693148294059,2.2531442159766932,199
E14_illum_blackhat_fixed_morph_cc,classical/blackhat_fixed,illumination,n/a,n/a,"[['close', 5]]+cc>=80",n/a,0.1167312700350482,0.16749634091581184,0.19854553706294592,0.2810809202166212,0.16749634091581184,0.1787208111468097,0.27776246904163293,0.0375054211554251,0.07229922926794335,32.44951296986087,199
unet_raw,unet,raw,off,bce_dice,none,0.5,0.43668703800312647,0.5176993542682673,0.47117304435288904,0.6015191176602871,0.5176993542682672,0.43034006909659356,0.5776351895786676,0.45718774548311075,0.6274932614555256,50.07316926342977,20
unet_raw,unet,raw,off,bce_dice,refined,0.5,0.5860360512074515,0.6670314362340749,0.61902067347338,0.7539659662070995,0.6670314362340749,0.42915645674082087,0.5764207931528635,0.45868739830048816,0.6289043133366385,50.07316926342977,20
unet_clahe,unet,contrast,off,bce_dice,none,0.5,0.3908678713251281,0.47207210251801424,0.42449647283223896,0.5589250776342876,0.47207210251801424,0.4379415842275056,0.5855856409418442,0.4797470731860014,0.6484176679641225,49.079495525993956,20
unet_clahe,unet,contrast,off,bce_dice,refined,0.5,0.5875397328612182,0.6689440362084305,0.6209886379936385,0.7575063289661312,0.6689440362084305,0.43189042338403316,0.5798982476516916,0.47522718785011825,0.6442766128011477,49.079495525993956,20
unet_illum,unet,illumination,off,bce_dice,none,0.5,0.5437302410362164,0.6246866465805898,0.5814663207432882,0.7025579490097507,0.6246866465805898,0.44314589279312044,0.5903393574192538,0.4766355140186916,0.6455696202531646,50.02850331526899,20
unet_illum,unet,illumination,off,bce_dice,refined,0.5,0.6409530183064119,0.7218015348017357,0.6776570107210209,0.8021836653650251,0.7218015348017357,0.4380963969207489,0.5850936996395194,0.47415687998492745,0.6432922932731223,50.02850331526899,20
unet_aug,unet,raw,on,bce_dice,none,0.5,0.23445449433938953,0.29009806159663193,0.39799687383414883,0.321244254855627,0.29009806159663193,0.2444627169807083,0.34563283926660343,0.29680495267914325,0.45774802458296754,47.54502531556538,20
unet_aug,unet,raw,on,bce_dice,refined,0.5,0.5325996542069971,0.5871770403368595,0.5714563608229029,0.6189361213421453,0.5871770403368595,0.24109028037635835,0.3403218915215627,0.2995933778681383,0.46105710135210637,47.54502531556538,20
unet_clahe_aug,unet,contrast,on,bce_dice,none,0.5,0.5342078298692385,0.6161238347065983,0.5682910720022356,0.7030782800963882,0.6161238347065983,0.3349233270349791,0.4838615176483605,0.3713970182219768,0.5416331132227412,56.53352536817118,20
unet_clahe_aug,unet,contrast,on,bce_dice,refined,0.5,0.6328722999043819,0.7145904803972168,0.6663038006739851,0.803166503974033,0.7145904803972168,0.3324950907352396,0.48107360072221267,0.37094196108692057,0.5411490371085113,56.53352536817118,20
unet_clahe_aug_tversky,unet,contrast,on,tversky,none,0.8,0.28760141052302435,0.36721606871202933,0.40713561867612247,0.3547117032420058,0.3672160687120293,0.3410934736782261,0.4858473976582351,0.22507321154650675,0.3674445076835515,48.61437142091362,20
unet_clahe_aug_tversky,unet,contrast,on,tversky,refined,0.8,0.3317964265025181,0.40906605519463063,0.45309390629693513,0.39605221501510857,0.40906605519463063,0.3305389572773057,0.47102919126296466,0.2251084314379677,0.3674914410208528,48.61437142091362,20
unet_clahe_aug_focal,unet,contrast,on,focal,none,0.5,0.34129146869216537,0.4172969520817949,0.5113953325033288,0.3721052778091189,0.41729695208179496,0.25689357944030067,0.39508536742144534,0.283596160438807,0.4418775455698738,47.92483394751463,20
unet_clahe_aug_focal,unet,contrast,on,focal,refined,0.5,0.5929579390462651,0.6648825111903458,0.7662327381570231,0.6247876081042569,0.6648825111903458,0.25992352553866394,0.3906954748915379,0.2980395619922289,0.45921491257908703,47.92483394751463,20
unet_clahe_aug_bce,unet,contrast,on,bce,none,0.4,0.008978075342516111,0.017549296502921564,0.009276865166386743,0.22746312355543807,0.017549296502921564,0.016323773350029293,0.031907811823493754,0.007507015215272706,0.014902159691004616,47.60947899989045,20
unet_clahe_aug_bce,unet,contrast,on,bce,refined,0.4,0.00764771628722861,0.015045501713601337,0.007660645357252094,0.4993054193649248,0.015045501713601337,0.013904938704052018,0.02735545766109334,0.007620095961366894,0.015124938440408112,47.60947899989045,20
